[
{
  "model": "movies.movie",
  "pk": 1,
  "fields": {
    "name": "Мистер Робот (сериал 2015 – 2019)",
    "formatted_name": "мистерроботсериал2015–2019",
    "description": "История молодого программиста Эллиота, страдающего социофобией и решившего, что единственный приемлемый для него способ взаимодействия с людьми — это профессия хакера. Таким образом, он быстро оказывается в том самом месте, где пересекаются интересы его работодателя — фирмы, занимающейся кибербезопасностью, — и подпольных организаций, которые пытаются его завербовать с целью обрушения самых могучих американских корпораций.",
    "country": null,
    "budget": null,
    "image": "movies/movie_1/769126394bb5760f498ab5d345e5aa-1.jpg",
    "created_at": "2015-03-17",
    "uploaded_at": "2023-07-10",
    "genre": [
      1,
      2,
      3
    ],
    "actors": [],
    "director": [],
    "producer": [],
    "screenwriter": [],
    "operator": [],
    "composer": [],
    "artist": [],
    "montage": []
  }
},
{
  "model": "movies.movie",
  "pk": 2,
  "fields": {
    "name": "Назад в будущее (1985)",
    "formatted_name": "назадвбудущее1985",
    "description": "Подросток Марти с помощью машины времени, сооружённой его другом-профессором доком Брауном, попадает из 80-х в далекие 50-е. Там он встречается со своими будущими родителями, ещё подростками, и другом-профессором, совсем молодым.",
    "country": null,
    "budget": null,
    "image": "movies/movie_2/back-to-the-future.format.jpeg",
    "created_at": "1985-07-03",
    "uploaded_at": "2023-07-11",
    "genre": [
      4,
      5,
      6
    ],
    "actors": [],
    "director": [],
    "producer": [],
    "screenwriter": [],
    "operator": [],
    "composer": [],
    "artist": [],
    "montage": []
  }
},
{
  "model": "movies.movie",
  "pk": 3,
  "fields": {
    "name": "Джентльмены удачи (1971)",
    "formatted_name": "джентльменыудачи1971",
    "description": "Заведующему детсадом Трошкину фатально не повезло: он оказался как две капли воды похож на бандита по кличке «Доцент», похитившего уникальный шлем Александра Македонского.\r\n\r\nМилиция внедряет добряка Трошкина в воровскую среду - и ему ничего не остается, кроме как старательно изображать своего двойника-злодея, путая всех окружающих. Со временем он настолько блестяще входит в роль, что сам начинает порой приходить в ужас. Между тем, жизни его угрожает смертельная опасность...",
    "country": null,
    "budget": null,
    "image": "movies/movie_3/w1500_37666423.jpg",
    "created_at": "1974-12-13",
    "uploaded_at": "2023-07-10",
    "genre": [
      2,
      3,
      5,
      7
    ],
    "actors": [],
    "director": [],
    "producer": [],
    "screenwriter": [],
    "operator": [],
    "composer": [],
    "artist": [],
    "montage": []
  }
},
{
  "model": "movies.movie",
  "pk": 4,
  "fields": {
    "name": "Один дома (1990)",
    "formatted_name": "одиндома1990",
    "description": "Американское семейство отправляется из Чикаго в Европу, но в спешке сборов бестолковые родители забывают дома... одного из своих детей. Юное создание, однако, не теряется и демонстрирует чудеса изобретательности. И когда в дом залезают грабители, им приходится не раз пожалеть о встрече с милым крошкой.",
    "country": null,
    "budget": null,
    "image": "movies/movie_4/scale_1200.jpeg",
    "created_at": "1990-11-10",
    "uploaded_at": "2023-07-10",
    "genre": [
      5,
      8
    ],
    "actors": [],
    "director": [],
    "producer": [],
    "screenwriter": [],
    "operator": [],
    "composer": [],
    "artist": [],
    "montage": []
  }
},
{
  "model": "movies.movie",
  "pk": 5,
  "fields": {
    "name": "Шрек",
    "formatted_name": "шрек",
    "description": "Жил да был в сказочном государстве большой зеленый великан по имени Шрэк. Жил он в гордом одиночестве в лесу, на болоте, которое считал своим. Но однажды злобный коротышка — лорд Фаркуад, правитель волшебного королевства, безжалостно согнал на Шрэково болото всех сказочных обитателей.\r\n\r\nИ беспечной жизни зеленого великана пришел конец. Но лорд Фаркуад пообещал вернуть Шрэку болото, если великан добудет ему прекрасную принцессу Фиону, которая томится в неприступной башне, охраняемой огнедышащим драконом.",
    "country": null,
    "budget": null,
    "image": "movies/movie_5/orig.jpeg",
    "created_at": "2001-04-22",
    "uploaded_at": "2023-07-10",
    "genre": [
      5,
      6,
      8,
      9,
      10,
      11
    ],
    "actors": [],
    "director": [],
    "producer": [],
    "screenwriter": [],
    "operator": [],
    "composer": [],
    "artist": [],
    "montage": []
  }
},
{
  "model": "movies.movie",
  "pk": 6,
  "fields": {
    "name": "Титаник (1997)",
    "formatted_name": "титаник1997",
    "description": "В первом и последнем плавании шикарного «Титаника» встречаются двое. Пассажир нижней палубы Джек выиграл билет в карты, а богатая наследница Роза отправляется в Америку, чтобы выйти замуж по расчёту. Чувства молодых людей только успевают расцвести, и даже не классовые различия создадут испытания влюблённым, а айсберг, вставший на пути считавшегося непотопляемым лайнера.",
    "country": "США, Мексика",
    "budget": 200000000,
    "image": "movies/movie_6/обложка-титаник-007.jpg",
    "created_at": "1997-11-01",
    "uploaded_at": "2023-07-10",
    "genre": [
      1,
      2,
      11,
      16
    ],
    "actors": [],
    "director": [
      1
    ],
    "producer": [
      1,
      2,
      3,
      4
    ],
    "screenwriter": [
      1
    ],
    "operator": [],
    "composer": [],
    "artist": [],
    "montage": [
      1
    ]
  }
},
{
  "model": "genres.genre",
  "pk": 1,
  "fields": {
    "name": "триллер",
    "formatted_name": "триллер"
  }
},
{
  "model": "genres.genre",
  "pk": 2,
  "fields": {
    "name": "драма",
    "formatted_name": "драма"
  }
},
{
  "model": "genres.genre",
  "pk": 3,
  "fields": {
    "name": "криминал",
    "formatted_name": "криминал"
  }
},
{
  "model": "genres.genre",
  "pk": 4,
  "fields": {
    "name": "фантастика",
    "formatted_name": "фантастика"
  }
},
{
  "model": "genres.genre",
  "pk": 5,
  "fields": {
    "name": "комедия",
    "formatted_name": "комедия"
  }
},
{
  "model": "genres.genre",
  "pk": 6,
  "fields": {
    "name": "приключения",
    "formatted_name": "приключения"
  }
},
{
  "model": "genres.genre",
  "pk": 7,
  "fields": {
    "name": "детектив",
    "formatted_name": "детектив"
  }
},
{
  "model": "genres.genre",
  "pk": 8,
  "fields": {
    "name": "семейный",
    "formatted_name": "семейный"
  }
},
{
  "model": "genres.genre",
  "pk": 9,
  "fields": {
    "name": "мультфильм",
    "formatted_name": "мультфильм"
  }
},
{
  "model": "genres.genre",
  "pk": 10,
  "fields": {
    "name": "фэнтези",
    "formatted_name": "фэнтези"
  }
},
{
  "model": "genres.genre",
  "pk": 11,
  "fields": {
    "name": "мелодрама",
    "formatted_name": "мелодрама"
  }
},
{
  "model": "genres.genre",
  "pk": 12,
  "fields": {
    "name": "фантастика",
    "formatted_name": "фантастика"
  }
},
{
  "model": "genres.genre",
  "pk": 13,
  "fields": {
    "name": "боевик",
    "formatted_name": "боевик"
  }
},
{
  "model": "genres.genre",
  "pk": 14,
  "fields": {
    "name": "военный",
    "formatted_name": "военный"
  }
},
{
  "model": "genres.genre",
  "pk": 15,
  "fields": {
    "name": "аниме",
    "formatted_name": "аниме"
  }
},
{
  "model": "genres.genre",
  "pk": 16,
  "fields": {
    "name": "история",
    "formatted_name": "история"
  }
},
{
  "model": "genres.genre",
  "pk": 17,
  "fields": {
    "name": "документальный",
    "formatted_name": "документальный"
  }
},
{
  "model": "genres.genre",
  "pk": 18,
  "fields": {
    "name": "детский",
    "formatted_name": "детский"
  }
},
{
  "model": "genres.genre",
  "pk": 19,
  "fields": {
    "name": "биография",
    "formatted_name": "биография"
  }
},
{
  "model": "genres.genre",
  "pk": 20,
  "fields": {
    "name": "вестерн",
    "formatted_name": "вестерн"
  }
},
{
  "model": "genres.genre",
  "pk": 21,
  "fields": {
    "name": "фильм-нуар",
    "formatted_name": "фильмнуар"
  }
},
{
  "model": "genres.genre",
  "pk": 22,
  "fields": {
    "name": "спортивный",
    "formatted_name": "спортивный"
  }
},
{
  "model": "genres.genre",
  "pk": 23,
  "fields": {
    "name": "короткометражный",
    "formatted_name": "короткометражный"
  }
},
{
  "model": "genres.genre",
  "pk": 24,
  "fields": {
    "name": "мюзикл",
    "formatted_name": "мюзикл"
  }
},
{
  "model": "genres.genre",
  "pk": 25,
  "fields": {
    "name": "ток-шоу",
    "formatted_name": "токшоу"
  }
},
{
  "model": "genres.genre",
  "pk": 26,
  "fields": {
    "name": "игры",
    "formatted_name": "игры"
  }
},
{
  "model": "users.user",
  "pk": 1,
  "fields": {
    "password": "pbkdf2_sha256$260000$mLYe2Yb9JAjfTeZzXLJsLu$ZAOmRWqqo41ohEBZBB7liUS7s7P3OVwguc/w9mrP0hI=",
    "last_login": "2023-07-22T21:08:04.745Z",
    "username": "admin",
    "bio": "I am an admin!",
    "email": "admin@admin.com",
    "normalized_email": "admin@admin.com",
    "image": "avatars/user_1/769126394bb5760f498ab5d345e5aa-1.jpg",
    "date_joined": "2023-07-10T13:54:55.443Z",
    "is_active": true,
    "is_staff": true,
    "is_superuser": true,
    "groups": [],
    "user_permissions": []
  }
},
{
  "model": "users.user",
  "pk": 3,
  "fields": {
    "password": "pbkdf2_sha256$260000$HYFjwooiqZMRPlFvlaTtfx$Wz04+PMOzpHhlDP5U5PpO8xTZxyGc/ZHowdz8ILnAGs=",
    "last_login": "2023-07-10T18:03:40.244Z",
    "username": "marat",
    "bio": "I am a first user!",
    "email": "m@m.com",
    "normalized_email": "m@m.com",
    "image": "avatars/user_3/back-to-the-future.format.jpeg",
    "date_joined": "2023-07-10T18:03:17.615Z",
    "is_active": true,
    "is_staff": true,
    "is_superuser": false,
    "groups": [],
    "user_permissions": [
      37,
      38,
      39,
      40,
      33,
      34,
      35,
      36,
      30,
      32
    ]
  }
},
{
  "model": "persons.person",
  "pk": 1,
  "fields": {
    "name": "Джеймс",
    "surname": "Кэмерон",
    "height": 188,
    "date_of_birth": null,
    "place_of_birth": "Капускасинг, Онтарио, Канада",
    "image": "persons/person_1/default_avatar.png",
    "career": [
      1,
      2,
      3,
      4,
      6,
      7,
      8
    ],
    "genres": [
      4,
      13,
      17
    ]
  }
},
{
  "model": "persons.person",
  "pk": 2,
  "fields": {
    "name": "Памела",
    "surname": "Исли",
    "height": null,
    "date_of_birth": null,
    "place_of_birth": null,
    "image": "images/default_avatar.png",
    "career": [
      3
    ],
    "genres": [
      1,
      5,
      13
    ]
  }
},
{
  "model": "persons.person",
  "pk": 3,
  "fields": {
    "name": "Эл",
    "surname": "Гиддингс",
    "height": null,
    "date_of_birth": null,
    "place_of_birth": null,
    "image": "images/default_avatar.png",
    "career": [
      1,
      3,
      4
    ],
    "genres": [
      16,
      17,
      23
    ]
  }
},
{
  "model": "persons.person",
  "pk": 4,
  "fields": {
    "name": "Грант",
    "surname": "Хилл",
    "height": null,
    "date_of_birth": null,
    "place_of_birth": "Австралия",
    "image": "images/default_avatar.png",
    "career": [
      3
    ],
    "genres": [
      2,
      12,
      13
    ]
  }
},
{
  "model": "persons.person",
  "pk": 5,
  "fields": {
    "name": "Qqweqwe",
    "surname": "qwe",
    "height": 124,
    "date_of_birth": "2023-07-22",
    "place_of_birth": "awe",
    "image": "images/default_avatar.png",
    "career": [
      1
    ],
    "genres": [
      3
    ]
  }
},
{
  "model": "roles.role",
  "pk": 1,
  "fields": {
    "name": "режиссер",
    "formatted_name": "режиссер"
  }
},
{
  "model": "roles.role",
  "pk": 2,
  "fields": {
    "name": "сценарист",
    "formatted_name": "сценарист"
  }
},
{
  "model": "roles.role",
  "pk": 3,
  "fields": {
    "name": "продюсер",
    "formatted_name": "продюсер"
  }
},
{
  "model": "roles.role",
  "pk": 4,
  "fields": {
    "name": "оператор",
    "formatted_name": "оператор"
  }
},
{
  "model": "roles.role",
  "pk": 5,
  "fields": {
    "name": "композитор",
    "formatted_name": "композитор"
  }
},
{
  "model": "roles.role",
  "pk": 6,
  "fields": {
    "name": "художник",
    "formatted_name": "художник"
  }
},
{
  "model": "roles.role",
  "pk": 7,
  "fields": {
    "name": "монтажер",
    "formatted_name": "монтажер"
  }
},
{
  "model": "roles.role",
  "pk": 8,
  "fields": {
    "name": "актер",
    "formatted_name": "актер"
  }
},
{
  "model": "rating.rating",
  "pk": 1,
  "fields": {
    "movie": 4,
    "user": 1,
    "story": 10,
    "acting": 10,
    "music": 7,
    "visual": 6,
    "final": 8,
    "total_rating": 8,
    "comment": "norm",
    "created_at": "2023-07-13T12:58:41.489Z"
  }
},
{
  "model": "rating.rating",
  "pk": 2,
  "fields": {
    "movie": 6,
    "user": 1,
    "story": 10,
    "acting": 10,
    "music": 10,
    "visual": 10,
    "final": 10,
    "total_rating": 10,
    "comment": "super",
    "created_at": "2023-07-13T13:17:21.977Z"
  }
},
{
  "model": "rating.rating",
  "pk": 6,
  "fields": {
    "movie": 1,
    "user": 1,
    "story": 5,
    "acting": 10,
    "music": 7,
    "visual": 10,
    "final": 7,
    "total_rating": 7,
    "comment": "norm",
    "created_at": "2023-07-21T13:31:35.851Z"
  }
}
]
